<?xml version="1.0" encoding="UTF-8"?>
<project-private xmlns="http://www.netbeans.org/ns/project-private/1">
    <editor-bookmarks xmlns="http://www.netbeans.org/ns/editor-bookmarks/2" lastBookmarkId="0"/>
    <open-files xmlns="http://www.netbeans.org/ns/projectui-open-files/2">
        <group>
            <file>file:/Users/ritvik/Desktop/School/COMPSCI/BeansProjects/MySimpleEMS/src/mysimpleems/SeparateJFrame.java</file>
            <file>file:/Users/ritvik/Desktop/School/COMPSCI/BeansProjects/MySimpleEMS/src/mysimpleems/MainJFrame.java</file>
            <file>file:/Users/ritvik/Desktop/School/COMPSCI/BeansProjects/MySimpleEMS/src/mysimpleems/EmployeeInfo.java</file>
            <file>file:/Users/ritvik/Desktop/School/COMPSCI/BeansProjects/MySimpleEMS/src/mysimpleems/FTE.java</file>
            <file>file:/Users/ritvik/Desktop/School/COMPSCI/BeansProjects/MySimpleEMS/src/mysimpleems/MyHashTable.java</file>
            <file>file:/Users/ritvik/Desktop/School/COMPSCI/BeansProjects/MySimpleEMS/src/mysimpleems/ModifyFrame.java</file>
            <file>file:/Users/ritvik/Desktop/School/COMPSCI/BeansProjects/MySimpleEMS/src/mysimpleems/PTE.java</file>
            <file>file:/Users/ritvik/Desktop/School/COMPSCI/BeansProjects/MySimpleEMS/src/mysimpleems/InquiryFrame.java</file>
            <file>file:/Users/ritvik/Desktop/School/COMPSCI/BeansProjects/MySimpleEMS/src/mysimpleems/AddNewEmployeeJFrame.java</file>
        </group>
    </open-files>
</project-private>
